study_id,kernel,boundary_pixels,white_boundary_pixels,white_boundary_pct,image_pixels,boundary_pct_of_image,white_boundary_pct_of_image,white_image_pixels,white_image_pct
01_01,0,1030,586,56.89320388349515,786432,0.13097127278645834,0.07451375325520833,5084,0.6464640299479166
01_01,5,1011,246,24.33234421364985,786432,0.1285552978515625,0.031280517578125,5084,0.6464640299479166
01_01,9,988,0,0.0,786432,0.12563069661458334,0.0,5084,0.6464640299479166
01_01,10,982,0,0.0,786432,0.12486775716145833,0.0,5084,0.6464640299479166
01_02,0,842,391,46.43705463182898,786432,0.10706583658854167,0.049718221028645836,1646,0.20929972330729166
01_02,5,816,306,37.5,786432,0.103759765625,0.038909912109375,1646,0.20929972330729166
01_02,9,795,0,0.0,786432,0.1010894775390625,0.0,1646,0.20929972330729166
01_02,10,790,0,0.0,786432,0.10045369466145833,0.0,1646,0.20929972330729166
01_03,0,880,456,51.81818181818182,786432,0.11189778645833333,0.0579833984375,1659,0.2109527587890625
01_03,5,860,231,26.86046511627907,786432,0.10935465494791667,0.0293731689453125,1659,0.2109527587890625
01_03,9,842,4,0.4750593824228028,786432,0.10706583658854167,0.0005086263020833334,1659,0.2109527587890625
01_03,10,837,4,0.4778972520908005,786432,0.1064300537109375,0.0005086263020833334,1659,0.2109527587890625
01_04,0,830,421,50.72289156626506,786432,0.10553995768229167,0.053532918294270836,1589,0.20205179850260416
01_04,5,801,237,29.588014981273407,786432,0.1018524169921875,0.0301361083984375,1589,0.20205179850260416
01_04,9,778,2,0.2570694087403599,786432,0.09892781575520833,0.0002543131510416667,1589,0.20205179850260416
01_04,10,773,2,0.258732212160414,786432,0.09829203287760417,0.0002543131510416667,1589,0.20205179850260416
01_05,0,651,309,47.465437788018434,786432,0.0827789306640625,0.0392913818359375,1282,0.16301472981770834
01_05,5,630,212,33.65079365079365,786432,0.080108642578125,0.026957194010416668,1282,0.16301472981770834
01_05,9,602,0,0.0,786432,0.07654825846354167,0.0,1282,0.16301472981770834
01_05,10,594,0,0.0,786432,0.075531005859375,0.0,1282,0.16301472981770834
02_01,0,1358,763,56.18556701030928,786432,0.17267862955729166,0.09702046712239583,2367,0.3009796142578125
02_01,5,1330,285,21.428571428571427,786432,0.16911824544270834,0.0362396240234375,2367,0.3009796142578125
02_01,9,1305,3,0.22988505747126436,786432,0.1659393310546875,0.0003814697265625,2367,0.3009796142578125
02_01,10,1299,3,0.23094688221709006,786432,0.1651763916015625,0.0003814697265625,2367,0.3009796142578125
02_02,0,450,246,54.666666666666664,786432,0.057220458984375,0.031280517578125,881,0.11202494303385417
02_02,5,426,81,19.014084507042252,786432,0.054168701171875,0.0102996826171875,881,0.11202494303385417
02_02,9,400,0,0.0,786432,0.050862630208333336,0.0,881,0.11202494303385417
02_02,10,395,0,0.0,786432,0.050226847330729164,0.0,881,0.11202494303385417
03_01,0,1388,760,54.75504322766571,786432,0.17649332682291666,0.09663899739583333,2818,0.3583272298177083
03_01,5,1363,268,19.662509170946443,786432,0.17331441243489584,0.034077962239583336,2818,0.3583272298177083
03_01,9,1340,1,0.07462686567164178,786432,0.17038981119791666,0.00012715657552083334,2818,0.3583272298177083
03_01,10,1334,1,0.07496251874062969,786432,0.16962687174479166,0.00012715657552083334,2818,0.3583272298177083
03_02,0,1162,579,49.82788296041308,786432,0.14775594075520834,0.0736236572265625,2078,0.2642313639322917
03_02,5,1132,286,25.26501766784452,786432,0.14394124348958334,0.036366780598958336,2078,0.2642313639322917
03_02,9,1109,9,0.8115419296663661,786432,0.14101664225260416,0.0011444091796875,2078,0.2642313639322917
03_02,10,1102,9,0.8166969147005445,786432,0.14012654622395834,0.0011444091796875,2078,0.2642313639322917
04_01,0,865,705,81.5028901734104,786432,0.10999043782552083,0.0896453857421875,1490,0.18946329752604166
04_01,5,842,75,8.907363420427554,786432,0.10706583658854167,0.0095367431640625,1490,0.18946329752604166
04_01,9,819,0,0.0,786432,0.1041412353515625,0.0,1490,0.18946329752604166
04_01,10,814,0,0.0,786432,0.10350545247395833,0.0,1490,0.18946329752604166
05_01,0,924,306,33.116883116883116,786432,0.11749267578125,0.038909912109375,2083,0.2648671468098958
05_01,5,903,276,30.564784053156146,786432,0.1148223876953125,0.03509521484375,2083,0.2648671468098958
05_01,9,883,0,0.0,786432,0.11227925618489583,0.0,2083,0.2648671468098958
05_01,10,878,0,0.0,786432,0.11164347330729167,0.0,2083,0.2648671468098958
05_02,0,1032,480,46.51162790697674,786432,0.1312255859375,0.06103515625,2346,0.298309326171875
05_02,5,1013,281,27.73938795656466,786432,0.12880961100260416,0.035730997721354164,2346,0.298309326171875
05_02,9,992,0,0.0,786432,0.12613932291666666,0.0,2346,0.298309326171875
05_02,10,987,0,0.0,786432,0.1255035400390625,0.0,2346,0.298309326171875
05_03,0,891,374,41.97530864197531,786432,0.1132965087890625,0.047556559244791664,2071,0.2633412679036458
05_03,5,864,217,25.11574074074074,786432,0.10986328125,0.027592976888020832,2071,0.2633412679036458
05_03,9,833,0,0.0,786432,0.10592142740885417,0.0,2071,0.2633412679036458
05_03,10,825,0,0.0,786432,0.1049041748046875,0.0,2071,0.2633412679036458
06_01,0,968,591,61.053719008264466,786432,0.12308756510416667,0.0751495361328125,1785,0.2269744873046875
06_01,5,950,200,21.05263157894737,786432,0.12079874674479167,0.025431315104166668,1785,0.2269744873046875
06_01,9,932,11,1.1802575107296138,786432,0.11850992838541667,0.0013987223307291667,1785,0.2269744873046875
06_01,10,927,11,1.186623516720604,786432,0.1178741455078125,0.0013987223307291667,1785,0.2269744873046875
06_02,0,1071,439,40.98972922502334,786432,0.1361846923828125,0.055821736653645836,1928,0.24515787760416666
06_02,5,1052,303,28.802281368821294,786432,0.13376871744791666,0.0385284423828125,1928,0.24515787760416666
06_02,9,1027,0,0.0,786432,0.13058980305989584,0.0,1928,0.24515787760416666
06_02,10,1020,0,0.0,786432,0.12969970703125,0.0,1928,0.24515787760416666
06_03,0,780,335,42.94871794871795,786432,0.09918212890625,0.042597452799479164,1445,0.18374125162760416
06_03,5,759,188,24.76943346508564,786432,0.0965118408203125,0.023905436197916668,1445,0.18374125162760416
06_03,9,739,11,1.4884979702300405,786432,0.09396870930989583,0.0013987223307291667,1445,0.18374125162760416
06_03,10,734,11,1.4986376021798364,786432,0.09333292643229167,0.0013987223307291667,1445,0.18374125162760416
06_04,0,676,405,59.9112426035503,786432,0.08595784505208333,0.0514984130859375,1298,0.16504923502604166
06_04,5,653,120,18.376722817764165,786432,0.08303324381510417,0.0152587890625,1298,0.16504923502604166
06_04,9,625,0,0.0,786432,0.07947285970052083,0.0,1298,0.16504923502604166
06_04,10,619,0,0.0,786432,0.07870992024739583,0.0,1298,0.16504923502604166
07_01,0,919,379,41.240478781284004,786432,0.11685689290364583,0.048192342122395836,1739,0.22112528483072916
07_01,5,897,256,28.539576365663322,786432,0.1140594482421875,0.032552083333333336,1739,0.22112528483072916
07_01,9,872,0,0.0,786432,0.11088053385416667,0.0,1739,0.22112528483072916
07_01,10,862,0,0.0,786432,0.10960896809895833,0.0,1739,0.22112528483072916
07_02,0,673,260,38.63298662704309,786432,0.08557637532552083,0.033060709635416664,1326,0.168609619140625
07_02,5,649,203,31.2788906009245,786432,0.08252461751302083,0.025812784830729168,1326,0.168609619140625
07_02,9,627,0,0.0,786432,0.0797271728515625,0.0,1326,0.168609619140625
07_02,10,621,0,0.0,786432,0.0789642333984375,0.0,1326,0.168609619140625
07_03,0,779,336,43.13222079589217,786432,0.09905497233072917,0.042724609375,1486,0.18895467122395834
07_03,5,750,206,27.466666666666665,786432,0.095367431640625,0.026194254557291668,1486,0.18895467122395834
07_03,9,726,9,1.2396694214876034,786432,0.092315673828125,0.0011444091796875,1486,0.18895467122395834
07_03,10,718,9,1.2534818941504178,786432,0.09129842122395833,0.0011444091796875,1486,0.18895467122395834
08_01,0,858,547,63.752913752913756,786432,0.109100341796875,0.06955464680989583,1578,0.200653076171875
08_01,5,826,138,16.707021791767556,786432,0.10503133138020833,0.017547607421875,1578,0.200653076171875
08_01,9,796,23,2.8894472361809047,786432,0.10121663411458333,0.0029246012369791665,1578,0.200653076171875
08_01,10,790,17,2.151898734177215,786432,0.10045369466145833,0.0021616617838541665,1578,0.200653076171875
09_01,0,1096,402,36.67883211678832,786432,0.13936360677083334,0.051116943359375,1937,0.24630228678385416
09_01,5,1075,296,27.53488372093023,786432,0.13669331868489584,0.037638346354166664,1937,0.24630228678385416
09_01,9,1053,0,0.0,786432,0.1338958740234375,0.0,1937,0.24630228678385416
09_01,10,1047,0,0.0,786432,0.1331329345703125,0.0,1937,0.24630228678385416
09_02,0,441,229,51.92743764172336,786432,0.0560760498046875,0.029118855794270832,831,0.1056671142578125
09_02,5,417,72,17.26618705035971,786432,0.0530242919921875,0.0091552734375,831,0.1056671142578125
09_02,9,392,0,0.0,786432,0.049845377604166664,0.0,831,0.1056671142578125
09_02,10,386,0,0.0,786432,0.049082438151041664,0.0,831,0.1056671142578125
09_03,0,936,393,41.98717948717949,786432,0.1190185546875,0.0499725341796875,1743,0.2216339111328125
09_03,5,912,288,31.57894736842105,786432,0.115966796875,0.03662109375,1743,0.2216339111328125
09_03,9,891,0,0.0,786432,0.1132965087890625,0.0,1743,0.2216339111328125
09_03,10,886,0,0.0,786432,0.11266072591145833,0.0,1743,0.2216339111328125
09_04,0,1060,493,46.509433962264154,786432,0.13478597005208334,0.06268819173177083,1892,0.24058024088541666
09_04,5,1039,260,25.024061597690086,786432,0.13211568196614584,0.033060709635416664,1892,0.24058024088541666
09_04,9,1016,0,0.0,786432,0.12919108072916666,0.0,1892,0.24058024088541666
09_04,10,1009,0,0.0,786432,0.12830098470052084,0.0,1892,0.24058024088541666
09_05,0,505,241,47.722772277227726,786432,0.06421407063802083,0.030644734700520832,1500,0.19073486328125
09_05,5,486,136,27.983539094650205,786432,0.061798095703125,0.017293294270833332,1500,0.19073486328125
09_05,9,467,0,0.0,786432,0.059382120768229164,0.0,1500,0.19073486328125
09_05,10,462,0,0.0,786432,0.058746337890625,0.0,1500,0.19073486328125
10_01,0,915,290,31.693989071038253,786432,0.1163482666015625,0.036875406901041664,2073,0.2635955810546875
10_01,5,888,270,30.405405405405407,786432,0.1129150390625,0.034332275390625,2073,0.2635955810546875
10_01,9,865,0,0.0,786432,0.10999043782552083,0.0,2073,0.2635955810546875
10_01,10,859,0,0.0,786432,0.10922749837239583,0.0,2073,0.2635955810546875
10_02,0,648,302,46.60493827160494,786432,0.0823974609375,0.038401285807291664,1280,0.16276041666666666
10_02,5,628,166,26.43312101910828,786432,0.07985432942708333,0.021107991536458332,1280,0.16276041666666666
10_02,9,607,8,1.3179571663920921,786432,0.07718404134114583,0.0010172526041666667,1280,0.16276041666666666
10_02,10,602,8,1.3289036544850499,786432,0.07654825846354167,0.0010172526041666667,1280,0.16276041666666666
10_03,0,999,362,36.23623623623624,786432,0.1270294189453125,0.046030680338541664,2274,0.289154052734375
10_03,5,978,303,30.98159509202454,786432,0.124359130859375,0.0385284423828125,2274,0.289154052734375
10_03,9,958,4,0.4175365344467641,786432,0.12181599934895833,0.0005086263020833334,2274,0.289154052734375
10_03,10,952,4,0.42016806722689076,786432,0.12105305989583333,0.0005086263020833334,2274,0.289154052734375
10_04,0,834,493,59.11270983213429,786432,0.106048583984375,0.06268819173177083,2079,0.2643585205078125
10_04,5,813,214,26.322263222632227,786432,0.1033782958984375,0.027211507161458332,2079,0.2643585205078125
10_04,9,792,0,0.0,786432,0.1007080078125,0.0,2079,0.2643585205078125
10_04,10,787,0,0.0,786432,0.10007222493489583,0.0,2079,0.2643585205078125
11_02,0,1211,401,33.11312964492155,786432,0.15398661295572916,0.050989786783854164,2038,0.2591451009114583
11_02,5,1188,292,24.579124579124578,786432,0.15106201171875,0.037129720052083336,2038,0.2591451009114583
11_02,9,1157,0,0.0,786432,0.14712015787760416,0.0,2038,0.2591451009114583
11_02,10,1149,0,0.0,786432,0.1461029052734375,0.0,2038,0.2591451009114583
12_01,0,548,309,56.386861313868614,786432,0.06968180338541667,0.0392913818359375,2699,0.3431955973307292
12_01,5,528,105,19.886363636363637,786432,0.067138671875,0.0133514404296875,2699,0.3431955973307292
12_01,9,506,8,1.5810276679841897,786432,0.06434122721354167,0.0010172526041666667,2699,0.3431955973307292
12_01,10,501,8,1.596806387225549,786432,0.0637054443359375,0.0010172526041666667,2699,0.3431955973307292
12_02,0,600,273,45.5,786432,0.0762939453125,0.0347137451171875,1168,0.14851888020833334
12_02,5,580,167,28.79310344827586,786432,0.07375081380208333,0.021235148111979168,1168,0.14851888020833334
12_02,9,560,0,0.0,786432,0.07120768229166667,0.0,1168,0.14851888020833334
12_02,10,555,0,0.0,786432,0.0705718994140625,0.0,1168,0.14851888020833334
12_03,0,556,243,43.70503597122302,786432,0.07069905598958333,0.0308990478515625,1501,0.19086201985677084
12_03,5,535,106,19.813084112149532,786432,0.06802876790364583,0.013478597005208334,1501,0.19086201985677084
12_03,9,516,0,0.0,786432,0.06561279296875,0.0,1501,0.19086201985677084
12_03,10,511,0,0.0,786432,0.06497701009114583,0.0,1501,0.19086201985677084
12_04,0,1054,425,40.32258064516129,786432,0.13402303059895834,0.054041544596354164,2362,0.3003438313802083
12_04,5,1036,311,30.01930501930502,786432,0.13173421223958334,0.039545694986979164,2362,0.3003438313802083
12_04,9,1017,0,0.0,786432,0.1293182373046875,0.0,2362,0.3003438313802083
12_04,10,1011,0,0.0,786432,0.1285552978515625,0.0,2362,0.3003438313802083
13_01,0,554,330,59.56678700361011,786432,0.07044474283854167,0.041961669921875,1092,0.13885498046875
13_01,5,536,97,18.097014925373134,786432,0.06815592447916667,0.012334187825520834,1092,0.13885498046875
13_01,9,515,0,0.0,786432,0.06548563639322917,0.0,1092,0.13885498046875
13_01,10,509,0,0.0,786432,0.06472269694010417,0.0,1092,0.13885498046875
13_02,0,1212,426,35.148514851485146,786432,0.15411376953125,0.054168701171875,2096,0.2665201822916667
13_02,5,1189,340,28.595458368376786,786432,0.15118916829427084,0.043233235677083336,2096,0.2665201822916667
13_02,9,1169,8,0.6843455945252352,786432,0.14864603678385416,0.0010172526041666667,2096,0.2665201822916667
13_02,10,1164,8,0.6872852233676976,786432,0.14801025390625,0.0010172526041666667,2096,0.2665201822916667
13_03,0,1477,550,37.23764387271496,786432,0.18781026204427084,0.06993611653645833,2746,0.3491719563802083
13_03,5,1453,512,35.237439779766,786432,0.18475850423177084,0.06510416666666667,2746,0.3491719563802083
13_03,9,1427,6,0.4204625087596356,786432,0.18145243326822916,0.000762939453125,2746,0.3491719563802083
13_03,10,1422,6,0.4219409282700422,786432,0.180816650390625,0.000762939453125,2746,0.3491719563802083
14_01,0,543,354,65.19337016574586,786432,0.0690460205078125,0.045013427734375,1062,0.135040283203125
14_01,5,524,108,20.610687022900763,786432,0.06663004557291667,0.01373291015625,1062,0.135040283203125
14_01,9,500,0,0.0,786432,0.06357828776041667,0.0,1062,0.135040283203125
14_01,10,494,0,0.0,786432,0.06281534830729167,0.0,1062,0.135040283203125
14_02,0,910,460,50.54945054945055,786432,0.11571248372395833,0.058492024739583336,1636,0.20802815755208334
14_02,5,889,206,23.172103487064117,786432,0.11304219563802083,0.026194254557291668,1636,0.20802815755208334
14_02,9,867,0,0.0,786432,0.1102447509765625,0.0,1636,0.20802815755208334
14_02,10,862,0,0.0,786432,0.10960896809895833,0.0,1636,0.20802815755208334
14_03,0,1394,747,53.58680057388809,786432,0.17725626627604166,0.0949859619140625,2514,0.319671630859375
14_03,5,1374,351,25.54585152838428,786432,0.174713134765625,0.0446319580078125,2514,0.319671630859375
14_03,9,1352,11,0.8136094674556213,786432,0.17191569010416666,0.0013987223307291667,2514,0.319671630859375
14_03,10,1346,11,0.8172362555720654,786432,0.17115275065104166,0.0013987223307291667,2514,0.319671630859375
14_04,0,900,347,38.55555555555556,786432,0.11444091796875,0.044123331705729164,1661,0.21120707194010416
14_04,5,866,253,29.214780600461893,786432,0.11011759440104167,0.032170613606770836,1661,0.21120707194010416
14_04,9,839,14,1.66865315852205,786432,0.10668436686197917,0.0017801920572916667,1661,0.21120707194010416
14_04,10,829,18,2.1712907117008444,786432,0.10541280110677083,0.002288818359375,1661,0.21120707194010416
14_05,0,816,524,64.2156862745098,786432,0.103759765625,0.06663004557291667,1947,0.2475738525390625
14_05,5,796,121,15.201005025125628,786432,0.10121663411458333,0.015385945638020834,1947,0.2475738525390625
14_05,9,774,3,0.3875968992248062,786432,0.098419189453125,0.0003814697265625,1947,0.2475738525390625
14_05,10,770,0,0.0,786432,0.09791056315104167,0.0,1947,0.2475738525390625
14_06,0,683,358,52.41581259150805,786432,0.08684794108072917,0.045522054036458336,1329,0.1689910888671875
14_06,5,662,185,27.94561933534743,786432,0.08417765299479167,0.023523966471354168,1329,0.1689910888671875
14_06,9,640,2,0.3125,786432,0.08138020833333333,0.0002543131510416667,1329,0.1689910888671875
14_06,10,634,2,0.31545741324921134,786432,0.08061726888020833,0.0002543131510416667,1329,0.1689910888671875
15_01,0,857,297,34.65577596266044,786432,0.10897318522135417,0.0377655029296875,1989,0.2529144287109375
15_01,5,832,247,29.6875,786432,0.10579427083333333,0.031407674153645836,1989,0.2529144287109375
15_01,9,803,0,0.0,786432,0.10210673014322917,0.0,1989,0.2529144287109375
15_01,10,786,0,0.0,786432,0.099945068359375,0.0,1989,0.2529144287109375
15_02,0,1116,422,37.81362007168459,786432,0.14190673828125,0.053660074869791664,1988,0.2527872721354167
15_02,5,1097,321,29.2616226071103,786432,0.13949076334635416,0.0408172607421875,1988,0.2527872721354167
15_02,9,1074,7,0.6517690875232774,786432,0.136566162109375,0.0008900960286458334,1988,0.2527872721354167
15_02,10,1069,7,0.6548175865294668,786432,0.13593037923177084,0.0008900960286458334,1988,0.2527872721354167
16_01,0,449,251,55.902004454342986,786432,0.057093302408854164,0.031916300455729164,977,0.12423197428385417
16_01,5,423,112,26.47754137115839,786432,0.0537872314453125,0.014241536458333334,977,0.12423197428385417
16_01,9,387,10,2.5839793281653747,786432,0.0492095947265625,0.0012715657552083333,977,0.12423197428385417
16_01,10,382,10,2.6178010471204187,786432,0.048573811848958336,0.0012715657552083333,977,0.12423197428385417
16_02,0,661,342,51.73978819969743,786432,0.08405049641927083,0.043487548828125,1341,0.1705169677734375
16_02,5,642,217,33.8006230529595,786432,0.081634521484375,0.027592976888020832,1341,0.1705169677734375
16_02,9,619,0,0.0,786432,0.07870992024739583,0.0,1341,0.1705169677734375
16_02,10,613,0,0.0,786432,0.07794698079427083,0.0,1341,0.1705169677734375
17_01,0,673,367,54.53194650817236,786432,0.08557637532552083,0.046666463216145836,1279,0.16263326009114584
17_01,5,655,169,25.801526717557252,786432,0.08328755696614583,0.021489461263020832,1279,0.16263326009114584
17_01,9,634,0,0.0,786432,0.08061726888020833,0.0,1279,0.16263326009114584
17_01,10,629,0,0.0,786432,0.07998148600260417,0.0,1279,0.16263326009114584
17_02,0,537,257,47.858472998137806,786432,0.0682830810546875,0.032679239908854164,1512,0.1922607421875
17_02,5,514,116,22.56809338521401,786432,0.06535847981770833,0.014750162760416666,1512,0.1922607421875
17_02,9,487,10,2.0533880903490758,786432,0.061925252278645836,0.0012715657552083333,1512,0.1922607421875
17_02,10,482,10,2.074688796680498,786432,0.061289469401041664,0.0012715657552083333,1512,0.1922607421875
18_01,0,1070,403,37.66355140186916,786432,0.13605753580729166,0.051244099934895836,1925,0.24477640787760416
18_01,5,1047,319,30.46800382043935,786432,0.1331329345703125,0.040562947591145836,1925,0.24477640787760416
18_01,9,1024,0,0.0,786432,0.13020833333333334,0.0,1925,0.24477640787760416
18_01,10,1017,0,0.0,786432,0.1293182373046875,0.0,1925,0.24477640787760416
18_02,0,1120,570,50.892857142857146,786432,0.14241536458333334,0.072479248046875,2029,0.2580006917317708
18_02,5,1098,281,25.591985428051,786432,0.139617919921875,0.035730997721354164,2029,0.2580006917317708
18_02,9,1079,0,0.0,786432,0.13720194498697916,0.0,2029,0.2580006917317708
18_02,10,1073,0,0.0,786432,0.13643900553385416,0.0,2029,0.2580006917317708
18_03,0,822,404,49.148418491484186,786432,0.104522705078125,0.051371256510416664,1675,0.21298726399739584
18_03,5,798,241,30.20050125313283,786432,0.101470947265625,0.030644734700520832,1675,0.21298726399739584
18_03,9,779,12,1.5404364569961488,786432,0.09905497233072917,0.00152587890625,1675,0.21298726399739584
18_03,10,774,12,1.550387596899225,786432,0.098419189453125,0.00152587890625,1675,0.21298726399739584
19_01,0,1167,787,67.43787489288775,786432,0.1483917236328125,0.10007222493489583,2074,0.2637227376302083
19_01,5,1142,141,12.34676007005254,786432,0.14521280924479166,0.0179290771484375,2074,0.2637227376302083
19_01,9,1117,9,0.8057296329453895,786432,0.14203389485677084,0.0011444091796875,2074,0.2637227376302083
19_01,10,1109,9,0.8115419296663661,786432,0.14101664225260416,0.0011444091796875,2074,0.2637227376302083
19_02,0,1224,707,57.76143790849673,786432,0.1556396484375,0.08989969889322917,2705,0.3439585367838542
19_02,5,1198,285,23.78964941569282,786432,0.15233357747395834,0.0362396240234375,2705,0.3439585367838542
19_02,9,1178,0,0.0,786432,0.14979044596354166,0.0,2705,0.3439585367838542
19_02,10,1173,0,0.0,786432,0.1491546630859375,0.0,2705,0.3439585367838542
19_03,0,996,457,45.88353413654618,786432,0.12664794921875,0.058110555013020836,1963,0.24960835774739584
19_03,5,973,301,30.93525179856115,786432,0.12372334798177083,0.038274129231770836,1963,0.24960835774739584
19_03,9,952,0,0.0,786432,0.12105305989583333,0.0,1963,0.24960835774739584
19_03,10,947,0,0.0,786432,0.12041727701822917,0.0,1963,0.24960835774739584
19_04,0,714,268,37.53501400560224,786432,0.090789794921875,0.034077962239583336,1363,0.17331441243489584
19_04,5,693,200,28.86002886002886,786432,0.0881195068359375,0.025431315104166668,1363,0.17331441243489584
19_04,9,672,0,0.0,786432,0.08544921875,0.0,1363,0.17331441243489584
19_04,10,667,0,0.0,786432,0.08481343587239583,0.0,1363,0.17331441243489584
20_01,0,1166,531,45.54030874785592,786432,0.14826456705729166,0.0675201416015625,2214,0.281524658203125
20_01,5,1142,308,26.970227670753065,786432,0.14521280924479166,0.039164225260416664,2214,0.281524658203125
20_01,9,1122,20,1.7825311942959001,786432,0.142669677734375,0.0025431315104166665,2214,0.281524658203125
20_01,10,1117,22,1.9695613249776187,786432,0.14203389485677084,0.0027974446614583335,2214,0.281524658203125
20_02,0,780,263,33.717948717948715,786432,0.09918212890625,0.033442179361979164,1445,0.18374125162760416
20_02,5,756,229,30.29100529100529,786432,0.09613037109375,0.029118855794270832,1445,0.18374125162760416
20_02,9,732,16,2.185792349726776,786432,0.09307861328125,0.0020345052083333335,1445,0.18374125162760416
20_02,10,724,11,1.5193370165745856,786432,0.09206136067708333,0.0013987223307291667,1445,0.18374125162760416
20_03,0,773,390,50.45278137128072,786432,0.09829203287760417,0.049591064453125,1557,0.1979827880859375
20_03,5,747,212,28.380187416331996,786432,0.0949859619140625,0.026957194010416668,1557,0.1979827880859375
20_03,9,724,10,1.3812154696132597,786432,0.09206136067708333,0.0012715657552083333,1557,0.1979827880859375
20_03,10,718,10,1.392757660167131,786432,0.09129842122395833,0.0012715657552083333,1557,0.1979827880859375
21_01,0,596,271,45.46979865771812,786432,0.07578531901041667,0.034459431966145836,1186,0.15080769856770834
21_01,5,580,153,26.379310344827587,786432,0.07375081380208333,0.0194549560546875,1186,0.15080769856770834
21_01,9,562,8,1.4234875444839858,786432,0.07146199544270833,0.0010172526041666667,1186,0.15080769856770834
21_01,10,558,8,1.4336917562724014,786432,0.070953369140625,0.0010172526041666667,1186,0.15080769856770834
22_01,0,1054,518,49.146110056926,786432,0.13402303059895834,0.06586710611979167,1946,0.24744669596354166
22_01,5,1030,330,32.03883495145631,786432,0.13097127278645834,0.041961669921875,1946,0.24744669596354166
22_01,9,1010,1,0.09900990099009901,786432,0.12842814127604166,0.00012715657552083334,1946,0.24744669596354166
22_01,10,1006,1,0.09940357852882704,786432,0.12791951497395834,0.00012715657552083334,1946,0.24744669596354166
22_02,0,860,408,47.44186046511628,786432,0.10935465494791667,0.0518798828125,1675,0.21298726399739584
22_02,5,835,284,34.01197604790419,786432,0.10617574055989583,0.036112467447916664,1675,0.21298726399739584
22_02,9,811,0,0.0,786432,0.10312398274739583,0.0,1675,0.21298726399739584
22_02,10,803,0,0.0,786432,0.10210673014322917,0.0,1675,0.21298726399739584
22_03,0,1734,641,36.96655132641292,786432,0.220489501953125,0.08150736490885417,3436,0.4369099934895833
22_03,5,1711,436,25.482174167153712,786432,0.21756490071614584,0.055440266927083336,3436,0.4369099934895833
22_03,9,1688,22,1.3033175355450237,786432,0.21464029947916666,0.0027974446614583335,3436,0.4369099934895833
22_03,10,1682,22,1.3079667063020215,786432,0.21387736002604166,0.0027974446614583335,3436,0.4369099934895833
23_01,0,751,388,51.66444740346205,786432,0.09549458821614583,0.049336751302083336,1802,0.22913614908854166
23_01,5,725,171,23.586206896551722,786432,0.09218851725260417,0.0217437744140625,1802,0.22913614908854166
23_01,9,699,0,0.0,786432,0.0888824462890625,0.0,1802,0.22913614908854166
23_01,10,692,0,0.0,786432,0.08799235026041667,0.0,1802,0.22913614908854166
24_01,0,1377,833,60.49382716049383,786432,0.1750946044921875,0.10592142740885417,4777,0.6074269612630209
24_01,5,1355,265,19.55719557195572,786432,0.17229715983072916,0.033696492513020836,4777,0.6074269612630209
24_01,9,1328,0,0.0,786432,0.16886393229166666,0.0,4777,0.6074269612630209
24_01,10,1323,0,0.0,786432,0.1682281494140625,0.0,4777,0.6074269612630209
24_02,0,997,572,57.37211634904714,786432,0.12677510579427084,0.07273356119791667,1900,0.24159749348958334
24_02,5,968,293,30.268595041322314,786432,0.12308756510416667,0.037256876627604164,1900,0.24159749348958334
24_02,9,940,0,0.0,786432,0.11952718098958333,0.0,1900,0.24159749348958334
24_02,10,932,0,0.0,786432,0.11850992838541667,0.0,1900,0.24159749348958334
24_03,0,608,275,45.23026315789474,786432,0.07731119791666667,0.034968058268229164,1672,0.21260579427083334
24_03,5,578,210,36.332179930795846,786432,0.07349650065104167,0.026702880859375,1672,0.21260579427083334
24_03,9,550,0,0.0,786432,0.06993611653645833,0.0,1672,0.21260579427083334
24_03,10,542,0,0.0,786432,0.06891886393229167,0.0,1672,0.21260579427083334
25_01,0,462,226,48.917748917748916,786432,0.058746337890625,0.028737386067708332,925,0.11761983235677083
25_01,5,442,91,20.58823529411765,786432,0.056203206380208336,0.011571248372395834,925,0.11761983235677083
25_01,9,421,0,0.0,786432,0.053532918294270836,0.0,925,0.11761983235677083
25_01,10,415,0,0.0,786432,0.052769978841145836,0.0,925,0.11761983235677083
26_01,0,510,227,44.509803921568626,786432,0.064849853515625,0.028864542643229168,2019,0.2567291259765625
26_01,5,481,111,23.076923076923077,786432,0.061162312825520836,0.0141143798828125,2019,0.2567291259765625
26_01,9,450,12,2.6666666666666665,786432,0.057220458984375,0.00152587890625,2019,0.2567291259765625
26_01,10,442,12,2.7149321266968327,786432,0.056203206380208336,0.00152587890625,2019,0.2567291259765625
26_02,0,649,346,53.312788906009246,786432,0.08252461751302083,0.043996175130208336,1262,0.16047159830729166
26_02,5,615,180,29.26829268292683,786432,0.0782012939453125,0.02288818359375,1262,0.16047159830729166
26_02,9,573,0,0.0,786432,0.0728607177734375,0.0,1262,0.16047159830729166
26_02,10,564,0,0.0,786432,0.07171630859375,0.0,1262,0.16047159830729166
27_01,0,629,241,38.314785373608906,786432,0.07998148600260417,0.030644734700520832,1613,0.20510355631510416
27_01,5,594,136,22.895622895622896,786432,0.075531005859375,0.017293294270833332,1613,0.20510355631510416
27_01,9,562,0,0.0,786432,0.07146199544270833,0.0,1613,0.20510355631510416
27_01,10,553,0,0.0,786432,0.07031758626302083,0.0,1613,0.20510355631510416
27_02,0,664,365,54.96987951807229,786432,0.08443196614583333,0.046412150065104164,1328,0.16886393229166666
27_02,5,644,207,32.142857142857146,786432,0.08188883463541667,0.0263214111328125,1328,0.16886393229166666
27_02,9,623,0,0.0,786432,0.07921854654947917,0.0,1328,0.16886393229166666
27_02,10,618,0,0.0,786432,0.078582763671875,0.0,1328,0.16886393229166666
28_01,0,516,308,59.689922480620154,786432,0.06561279296875,0.039164225260416664,1512,0.1922607421875
28_01,5,487,117,24.024640657084188,786432,0.061925252278645836,0.0148773193359375,1512,0.1922607421875
28_01,9,457,1,0.2188183807439825,786432,0.058110555013020836,0.00012715657552083334,1512,0.1922607421875
28_01,10,452,1,0.22123893805309736,786432,0.057474772135416664,0.00012715657552083334,1512,0.1922607421875
28_02,0,1185,607,51.22362869198312,786432,0.1506805419921875,0.07718404134114583,2173,0.2763112386067708
28_02,5,1166,300,25.728987993138936,786432,0.14826456705729166,0.03814697265625,2173,0.2763112386067708
28_02,9,1146,0,0.0,786432,0.145721435546875,0.0,2173,0.2763112386067708
28_02,10,1142,0,0.0,786432,0.14521280924479166,0.0,2173,0.2763112386067708
28_03,0,378,192,50.79365079365079,786432,0.048065185546875,0.0244140625,1216,0.15462239583333334
28_03,5,351,92,26.210826210826212,786432,0.0446319580078125,0.011698404947916666,1216,0.15462239583333334
28_03,9,323,6,1.8575851393188854,786432,0.041071573893229164,0.000762939453125,1216,0.15462239583333334
28_03,10,315,0,0.0,786432,0.0400543212890625,0.0,1216,0.15462239583333334
29_01,0,823,402,48.8456865127582,786432,0.10464986165364583,0.051116943359375,1554,0.197601318359375
29_01,5,788,223,28.299492385786802,786432,0.10019938151041667,0.028355916341145832,1554,0.197601318359375
29_01,9,755,21,2.781456953642384,786432,0.09600321451822917,0.0026702880859375,1554,0.197601318359375
29_01,10,746,15,2.0107238605898123,786432,0.09485880533854167,0.0019073486328125,1554,0.197601318359375
29_02,0,780,441,56.53846153846154,786432,0.09918212890625,0.0560760498046875,1850,0.23523966471354166
29_02,5,757,167,22.060766182298547,786432,0.09625752766927083,0.021235148111979168,1850,0.23523966471354166
29_02,9,733,6,0.8185538881309686,786432,0.09320576985677083,0.000762939453125,1850,0.23523966471354166
29_02,10,726,3,0.4132231404958678,786432,0.092315673828125,0.0003814697265625,1850,0.23523966471354166
29_03,0,878,379,43.16628701594533,786432,0.11164347330729167,0.048192342122395836,2158,0.2744038899739583
29_03,5,857,242,28.23803967327888,786432,0.10897318522135417,0.030771891276041668,2158,0.2744038899739583
29_03,9,838,5,0.5966587112171837,786432,0.10655721028645833,0.0006357828776041666,2158,0.2744038899739583
29_03,10,832,5,0.6009615384615384,786432,0.10579427083333333,0.0006357828776041666,2158,0.2744038899739583
29_04,0,1058,383,36.20037807183365,786432,0.13453165690104166,0.048700968424479164,2967,0.3772735595703125
29_04,5,1024,289,28.22265625,786432,0.13020833333333334,0.036748250325520836,2967,0.3772735595703125
29_04,9,983,7,0.7121057985757884,786432,0.12499491373697917,0.0008900960286458334,2967,0.3772735595703125
29_04,10,974,7,0.7186858316221766,786432,0.12385050455729167,0.0008900960286458334,2967,0.3772735595703125
30_01,0,882,460,52.15419501133787,786432,0.112152099609375,0.058492024739583336,1586,0.20167032877604166
30_01,5,859,204,23.748544819557626,786432,0.10922749837239583,0.02593994140625,1586,0.20167032877604166
30_01,9,836,0,0.0,786432,0.10630289713541667,0.0,1586,0.20167032877604166
30_01,10,829,0,0.0,786432,0.10541280110677083,0.0,1586,0.20167032877604166
30_02,0,652,312,47.852760736196316,786432,0.08290608723958333,0.0396728515625,1234,0.15691121419270834
30_02,5,636,173,27.20125786163522,786432,0.08087158203125,0.021998087565104168,1234,0.15691121419270834
30_02,9,614,0,0.0,786432,0.07807413736979167,0.0,1234,0.15691121419270834
30_02,10,610,0,0.0,786432,0.07756551106770833,0.0,1234,0.15691121419270834
31_01,0,1177,651,55.310110450297366,786432,0.14966328938802084,0.0827789306640625,2024,0.2573649088541667
31_01,5,1138,194,17.047451669595784,786432,0.14470418294270834,0.024668375651041668,2024,0.2573649088541667
31_01,9,1099,6,0.545950864422202,786432,0.13974507649739584,0.000762939453125,2024,0.2573649088541667
31_01,10,1089,2,0.18365472910927455,786432,0.1384735107421875,0.0002543131510416667,2024,0.2573649088541667
32_01,0,531,146,27.495291902071564,786432,0.0675201416015625,0.018564860026041668,994,0.12639363606770834
32_01,5,507,140,27.613412228796843,786432,0.0644683837890625,0.017801920572916668,994,0.12639363606770834
32_01,9,480,0,0.0,786432,0.06103515625,0.0,994,0.12639363606770834
32_01,10,472,0,0.0,786432,0.060017903645833336,0.0,994,0.12639363606770834
33_01,0,551,313,56.80580762250454,786432,0.07006327311197917,0.039800008138020836,1577,0.20052591959635416
33_01,5,528,132,25.0,786432,0.067138671875,0.01678466796875,1577,0.20052591959635416
33_01,9,507,12,2.366863905325444,786432,0.0644683837890625,0.00152587890625,1577,0.20052591959635416
33_01,10,502,12,2.3904382470119523,786432,0.06383260091145833,0.00152587890625,1577,0.20052591959635416
33_02,0,502,228,45.418326693227094,786432,0.06383260091145833,0.02899169921875,1425,0.1811981201171875
33_02,5,480,96,20.0,786432,0.06103515625,0.01220703125,1425,0.1811981201171875
33_02,9,456,0,0.0,786432,0.0579833984375,0.0,1425,0.1811981201171875
33_02,10,451,0,0.0,786432,0.057347615559895836,0.0,1425,0.1811981201171875
33_03,0,341,188,55.131964809384165,786432,0.043360392252604164,0.023905436197916668,765,0.0972747802734375
33_03,5,321,95,29.595015576323988,786432,0.0408172607421875,0.012079874674479166,765,0.0972747802734375
33_03,9,301,0,0.0,786432,0.038274129231770836,0.0,765,0.0972747802734375
33_03,10,294,0,0.0,786432,0.037384033203125,0.0,765,0.0972747802734375
34_01,0,644,286,44.409937888198755,786432,0.08188883463541667,0.036366780598958336,1705,0.21680196126302084
34_01,5,624,195,31.25,786432,0.079345703125,0.0247955322265625,1705,0.21680196126302084
34_01,9,606,0,0.0,786432,0.077056884765625,0.0,1705,0.21680196126302084
34_01,10,601,0,0.0,786432,0.07642110188802083,0.0,1705,0.21680196126302084
34_03,0,812,417,51.354679802955665,786432,0.10325113932291667,0.0530242919921875,1445,0.18374125162760416
34_03,5,784,144,18.367346938775512,786432,0.09969075520833333,0.018310546875,1445,0.18374125162760416
34_03,9,757,0,0.0,786432,0.09625752766927083,0.0,1445,0.18374125162760416
34_03,10,751,0,0.0,786432,0.09549458821614583,0.0,1445,0.18374125162760416
35_01,0,429,285,66.43356643356644,786432,0.0545501708984375,0.0362396240234375,1348,0.17140706380208334
35_01,5,406,55,13.54679802955665,786432,0.051625569661458336,0.006993611653645833,1348,0.17140706380208334
35_01,9,377,0,0.0,786432,0.047938028971354164,0.0,1348,0.17140706380208334
35_01,10,371,0,0.0,786432,0.047175089518229164,0.0,1348,0.17140706380208334
35_02,0,618,370,59.8705501618123,786432,0.078582763671875,0.047047932942708336,1309,0.16644795735677084
35_02,5,595,128,21.51260504201681,786432,0.07565816243489583,0.016276041666666668,1309,0.16644795735677084
35_02,9,575,0,0.0,786432,0.07311503092447917,0.0,1309,0.16644795735677084
35_02,10,568,0,0.0,786432,0.07222493489583333,0.0,1309,0.16644795735677084
36_01,0,786,467,59.4147582697201,786432,0.099945068359375,0.059382120768229164,1477,0.18781026204427084
36_01,5,758,151,19.92084432717678,786432,0.09638468424479167,0.019200642903645832,1477,0.18781026204427084
36_01,9,731,0,0.0,786432,0.09295145670572917,0.0,1477,0.18781026204427084
36_01,10,724,0,0.0,786432,0.09206136067708333,0.0,1477,0.18781026204427084
36_02,0,606,329,54.29042904290429,786432,0.077056884765625,0.041834513346354164,1224,0.1556396484375
36_02,5,585,171,29.23076923076923,786432,0.0743865966796875,0.0217437744140625,1224,0.1556396484375
36_02,9,563,0,0.0,786432,0.07158915201822917,0.0,1224,0.1556396484375
36_02,10,558,0,0.0,786432,0.070953369140625,0.0,1224,0.1556396484375
37_01,0,1266,471,37.203791469194314,786432,0.160980224609375,0.0598907470703125,2290,0.2911885579427083
37_01,5,1231,407,33.0625507717303,786432,0.15652974446614584,0.051752726236979164,2290,0.2911885579427083
37_01,9,1202,0,0.0,786432,0.15284220377604166,0.0,2290,0.2911885579427083
37_01,10,1194,0,0.0,786432,0.151824951171875,0.0,2290,0.2911885579427083
37_02,0,906,339,37.41721854304636,786432,0.115203857421875,0.0431060791015625,1701,0.2162933349609375
37_02,5,882,293,33.21995464852608,786432,0.112152099609375,0.037256876627604164,1701,0.2162933349609375
37_02,9,861,0,0.0,786432,0.1094818115234375,0.0,1701,0.2162933349609375
37_02,10,855,0,0.0,786432,0.1087188720703125,0.0,1701,0.2162933349609375
37_03,0,723,362,50.06915629322268,786432,0.0919342041015625,0.046030680338541664,1385,0.17611185709635416
37_03,5,700,192,27.428571428571427,786432,0.08900960286458333,0.0244140625,1385,0.17611185709635416
37_03,9,674,0,0.0,786432,0.08570353190104167,0.0,1385,0.17611185709635416
37_03,10,670,0,0.0,786432,0.08519490559895833,0.0,1385,0.17611185709635416
38_01,0,1015,395,38.916256157635466,786432,0.12906392415364584,0.050226847330729164,1872,0.238037109375
38_01,5,990,313,31.616161616161616,786432,0.125885009765625,0.039800008138020836,1872,0.238037109375
38_01,9,963,0,0.0,786432,0.1224517822265625,0.0,1872,0.238037109375
38_01,10,956,0,0.0,786432,0.12156168619791667,0.0,1872,0.238037109375
38_02,0,1303,397,30.46815042210284,786432,0.16568501790364584,0.050481160481770836,2193,0.2788543701171875
38_02,5,1272,359,28.22327044025157,786432,0.1617431640625,0.045649210611979164,2193,0.2788543701171875
38_02,9,1238,0,0.0,786432,0.15741984049479166,0.0,2193,0.2788543701171875
38_02,10,1229,0,0.0,786432,0.15627543131510416,0.0,2193,0.2788543701171875
39_01,0,1074,396,36.87150837988827,786432,0.136566162109375,0.05035400390625,1947,0.2475738525390625
39_01,5,1053,337,32.003798670465336,786432,0.1338958740234375,0.042851765950520836,1947,0.2475738525390625
39_01,9,1032,0,0.0,786432,0.1312255859375,0.0,1947,0.2475738525390625
39_01,10,1027,0,0.0,786432,0.13058980305989584,0.0,1947,0.2475738525390625
40_01,0,508,330,64.96062992125984,786432,0.06459554036458333,0.041961669921875,1414,0.17979939778645834
40_01,5,481,69,14.345114345114345,786432,0.061162312825520836,0.0087738037109375,1414,0.17979939778645834
40_01,9,452,0,0.0,786432,0.057474772135416664,0.0,1414,0.17979939778645834
40_01,10,446,0,0.0,786432,0.056711832682291664,0.0,1414,0.17979939778645834
40_03,0,536,276,51.492537313432834,786432,0.06815592447916667,0.03509521484375,1580,0.20090738932291666
40_03,5,513,157,30.60428849902534,786432,0.0652313232421875,0.019963582356770832,1580,0.20090738932291666
40_03,9,489,0,0.0,786432,0.0621795654296875,0.0,1580,0.20090738932291666
40_03,10,483,0,0.0,786432,0.0614166259765625,0.0,1580,0.20090738932291666
41_01,0,984,483,49.08536585365854,786432,0.1251220703125,0.0614166259765625,2351,0.2989451090494792
41_01,5,964,313,32.468879668049794,786432,0.12257893880208333,0.039800008138020836,2351,0.2989451090494792
41_01,9,941,0,0.0,786432,0.11965433756510417,0.0,2351,0.2989451090494792
41_01,10,936,0,0.0,786432,0.1190185546875,0.0,2351,0.2989451090494792
41_02,0,773,330,42.690815006468306,786432,0.09829203287760417,0.041961669921875,1892,0.24058024088541666
41_02,5,751,220,29.29427430093209,786432,0.09549458821614583,0.027974446614583332,1892,0.24058024088541666
41_02,9,726,8,1.1019283746556474,786432,0.092315673828125,0.0010172526041666667,1892,0.24058024088541666
41_02,10,719,4,0.5563282336578581,786432,0.09142557779947917,0.0005086263020833334,1892,0.24058024088541666
42_01,0,560,307,54.82142857142857,786432,0.07120768229166667,0.039037068684895836,1609,0.20459493001302084
42_01,5,540,135,25.0,786432,0.06866455078125,0.0171661376953125,1609,0.20459493001302084
42_01,9,520,0,0.0,786432,0.06612141927083333,0.0,1609,0.20459493001302084
42_01,10,515,0,0.0,786432,0.06548563639322917,0.0,1609,0.20459493001302084
42_02,0,992,357,35.98790322580645,786432,0.12613932291666666,0.0453948974609375,1823,0.23180643717447916
42_02,5,968,314,32.43801652892562,786432,0.12308756510416667,0.039927164713541664,1823,0.23180643717447916
42_02,9,946,0,0.0,786432,0.12029012044270833,0.0,1823,0.23180643717447916
42_02,10,940,0,0.0,786432,0.11952718098958333,0.0,1823,0.23180643717447916
42_03,0,651,225,34.56221198156682,786432,0.0827789306640625,0.0286102294921875,1656,0.2105712890625
42_03,5,626,191,30.511182108626198,786432,0.07960001627604167,0.024286905924479168,1656,0.2105712890625
42_03,9,602,0,0.0,786432,0.07654825846354167,0.0,1656,0.2105712890625
42_03,10,595,0,0.0,786432,0.07565816243489583,0.0,1656,0.2105712890625
43_01,0,1005,309,30.746268656716417,786432,0.1277923583984375,0.0392913818359375,2232,0.2838134765625
43_01,5,985,301,30.558375634517766,786432,0.12524922688802084,0.038274129231770836,2232,0.2838134765625
43_01,9,961,0,0.0,786432,0.12219746907552083,0.0,2232,0.2838134765625
43_01,10,955,0,0.0,786432,0.12143452962239583,0.0,2232,0.2838134765625
43_02,0,875,482,55.08571428571429,786432,0.11126200358072917,0.061289469401041664,2030,0.2581278483072917
43_02,5,852,193,22.652582159624412,786432,0.10833740234375,0.024541219075520832,2030,0.2581278483072917
43_02,9,828,0,0.0,786432,0.10528564453125,0.0,2030,0.2581278483072917
43_02,10,824,0,0.0,786432,0.10477701822916667,0.0,2030,0.2581278483072917
44_01,0,547,292,53.38208409506399,786432,0.06955464680989583,0.037129720052083336,1093,0.13898213704427084
44_01,5,523,108,20.650095602294456,786432,0.06650288899739583,0.01373291015625,1093,0.13898213704427084
44_01,9,500,0,0.0,786432,0.06357828776041667,0.0,1093,0.13898213704427084
44_01,10,494,0,0.0,786432,0.06281534830729167,0.0,1093,0.13898213704427084
45_01,0,1077,457,42.432683379758586,786432,0.1369476318359375,0.058110555013020836,2006,0.2550760904947917
45_01,5,1047,359,34.28844317096466,786432,0.1331329345703125,0.045649210611979164,2006,0.2550760904947917
45_01,9,1014,0,0.0,786432,0.128936767578125,0.0,2006,0.2550760904947917
45_01,10,1006,0,0.0,786432,0.12791951497395834,0.0,2006,0.2550760904947917
45_02,0,738,494,66.93766937669376,786432,0.093841552734375,0.06281534830729167,1344,0.1708984375
45_02,5,716,132,18.435754189944134,786432,0.09104410807291667,0.01678466796875,1344,0.1708984375
45_02,9,697,0,0.0,786432,0.08862813313802083,0.0,1344,0.1708984375
45_02,10,692,0,0.0,786432,0.08799235026041667,0.0,1344,0.1708984375
45_03,0,515,270,52.42718446601942,786432,0.06548563639322917,0.034332275390625,1539,0.1956939697265625
45_03,5,491,144,29.327902240325866,786432,0.062433878580729164,0.018310546875,1539,0.1956939697265625
45_03,9,468,8,1.7094017094017093,786432,0.05950927734375,0.0010172526041666667,1539,0.1956939697265625
45_03,10,462,8,1.7316017316017316,786432,0.058746337890625,0.0010172526041666667,1539,0.1956939697265625
46_01,0,716,513,71.64804469273743,786432,0.09104410807291667,0.0652313232421875,1357,0.17255147298177084
46_01,5,672,59,8.779761904761905,786432,0.08544921875,0.007502237955729167,1357,0.17255147298177084
46_01,9,622,0,0.0,786432,0.07909138997395833,0.0,1357,0.17255147298177084
46_01,10,613,0,0.0,786432,0.07794698079427083,0.0,1357,0.17255147298177084
46_02,0,706,294,41.64305949008499,786432,0.08977254231770833,0.037384033203125,1354,0.17217000325520834
46_02,5,687,214,31.149927219796215,786432,0.0873565673828125,0.027211507161458332,1354,0.17217000325520834
46_02,9,666,0,0.0,786432,0.084686279296875,0.0,1354,0.17217000325520834
46_02,10,662,0,0.0,786432,0.08417765299479167,0.0,1354,0.17217000325520834
46_03,0,845,313,37.0414201183432,786432,0.10744730631510417,0.039800008138020836,1997,0.2539316813151042
46_03,5,812,249,30.665024630541872,786432,0.10325113932291667,0.0316619873046875,1997,0.2539316813151042
46_03,9,783,20,2.554278416347382,786432,0.0995635986328125,0.0025431315104166665,1997,0.2539316813151042
46_03,10,773,20,2.5873221216041395,786432,0.09829203287760417,0.0025431315104166665,1997,0.2539316813151042
48_01,0,512,254,49.609375,786432,0.06510416666666667,0.032297770182291664,945,0.1201629638671875
48_01,5,492,91,18.495934959349594,786432,0.06256103515625,0.011571248372395834,945,0.1201629638671875
48_01,9,470,0,0.0,786432,0.059763590494791664,0.0,945,0.1201629638671875
48_01,10,464,0,0.0,786432,0.059000651041666664,0.0,945,0.1201629638671875
48_02,0,1455,556,38.213058419243985,786432,0.1850128173828125,0.07069905598958333,2527,0.3213246663411458
48_02,5,1427,389,27.259985984583043,786432,0.18145243326822916,0.049463907877604164,2527,0.3213246663411458
48_02,9,1399,9,0.6433166547533953,786432,0.17789204915364584,0.0011444091796875,2527,0.3213246663411458
48_02,10,1391,9,0.6470165348670022,786432,0.17687479654947916,0.0011444091796875,2527,0.3213246663411458
49_01,0,607,375,61.779242174629324,786432,0.07718404134114583,0.0476837158203125,1165,0.14813741048177084
49_01,5,585,132,22.564102564102566,786432,0.0743865966796875,0.01678466796875,1165,0.14813741048177084
49_01,9,562,0,0.0,786432,0.07146199544270833,0.0,1165,0.14813741048177084
49_01,10,557,0,0.0,786432,0.07082621256510417,0.0,1165,0.14813741048177084
50_01,0,953,555,58.23714585519412,786432,0.12118021647135417,0.0705718994140625,1754,0.22303263346354166
50_01,5,912,182,19.95614035087719,786432,0.115966796875,0.023142496744791668,1754,0.22303263346354166
50_01,9,873,4,0.4581901489117984,786432,0.1110076904296875,0.0005086263020833334,1754,0.22303263346354166
50_01,10,860,4,0.46511627906976744,786432,0.10935465494791667,0.0005086263020833334,1754,0.22303263346354166
51_01,0,461,299,64.8590021691974,786432,0.058619181315104164,0.038019816080729164,1358,0.17267862955729166
51_01,5,439,82,18.678815489749432,786432,0.055821736653645836,0.010426839192708334,1358,0.17267862955729166
51_01,9,416,0,0.0,786432,0.052897135416666664,0.0,1358,0.17267862955729166
51_01,10,410,0,0.0,786432,0.052134195963541664,0.0,1358,0.17267862955729166
52_01,0,950,631,66.42105263157895,786432,0.12079874674479167,0.08023579915364583,2196,0.27923583984375
52_01,5,926,175,18.898488120950326,786432,0.11774698893229167,0.022252400716145832,2196,0.27923583984375
52_01,9,905,6,0.6629834254143646,786432,0.11507670084635417,0.000762939453125,2196,0.27923583984375
52_01,10,900,6,0.6666666666666666,786432,0.11444091796875,0.000762939453125,2196,0.27923583984375
52_02,0,661,352,53.25264750378215,786432,0.08405049641927083,0.044759114583333336,1750,0.22252400716145834
52_02,5,634,167,26.34069400630915,786432,0.08061726888020833,0.021235148111979168,1750,0.22252400716145834
52_02,9,616,7,1.1363636363636365,786432,0.07832845052083333,0.0008900960286458334,1750,0.22252400716145834
52_02,10,611,7,1.1456628477905073,786432,0.07769266764322917,0.0008900960286458334,1750,0.22252400716145834
52_03,0,781,482,61.7157490396927,786432,0.09930928548177083,0.061289469401041664,1492,0.18971761067708334
52_03,5,754,131,17.374005305039788,786432,0.09587605794270833,0.016657511393229168,1492,0.18971761067708334
52_03,9,726,0,0.0,786432,0.092315673828125,0.0,1492,0.18971761067708334
52_03,10,718,0,0.0,786432,0.09129842122395833,0.0,1492,0.18971761067708334
53_01,0,740,288,38.91891891891892,786432,0.09409586588541667,0.03662109375,1340,0.17038981119791666
53_01,5,707,162,22.913719943422915,786432,0.08989969889322917,0.020599365234375,1340,0.17038981119791666
53_01,9,674,0,0.0,786432,0.08570353190104167,0.0,1340,0.17038981119791666
53_01,10,666,0,0.0,786432,0.084686279296875,0.0,1340,0.17038981119791666
53_02,0,519,191,36.80154142581888,786432,0.0659942626953125,0.024286905924479168,979,0.12448628743489583
53_02,5,487,118,24.229979466119097,786432,0.061925252278645836,0.015004475911458334,979,0.12448628743489583
53_02,9,459,0,0.0,786432,0.0583648681640625,0.0,979,0.12448628743489583
53_02,10,450,0,0.0,786432,0.057220458984375,0.0,979,0.12448628743489583
53_03,0,857,459,53.55892648774796,786432,0.10897318522135417,0.0583648681640625,1666,0.21184285481770834
53_03,5,837,288,34.40860215053763,786432,0.1064300537109375,0.03662109375,1666,0.21184285481770834
53_03,9,818,0,0.0,786432,0.10401407877604167,0.0,1666,0.21184285481770834
53_03,10,814,0,0.0,786432,0.10350545247395833,0.0,1666,0.21184285481770834
54_01,0,514,330,64.2023346303502,786432,0.06535847981770833,0.041961669921875,1471,0.18704732259114584
54_01,5,491,63,12.830957230142566,786432,0.062433878580729164,0.0080108642578125,1471,0.18704732259114584
54_01,9,471,0,0.0,786432,0.0598907470703125,0.0,1471,0.18704732259114584
54_01,10,465,0,0.0,786432,0.0591278076171875,0.0,1471,0.18704732259114584
54_02,0,693,332,47.907647907647906,786432,0.0881195068359375,0.042215983072916664,1792,0.22786458333333334
54_02,5,636,154,24.21383647798742,786432,0.08087158203125,0.019582112630208332,1792,0.22786458333333334
54_02,9,591,14,2.3688663282571913,786432,0.0751495361328125,0.0017801920572916667,1792,0.22786458333333334
54_02,10,583,14,2.4013722126929675,786432,0.07413228352864583,0.0017801920572916667,1792,0.22786458333333334
55_01,0,964,554,57.468879668049794,786432,0.12257893880208333,0.07044474283854167,1763,0.22417704264322916
55_01,5,936,183,19.55128205128205,786432,0.1190185546875,0.0232696533203125,1763,0.22417704264322916
55_01,9,909,5,0.5500550055005501,786432,0.1155853271484375,0.0006357828776041666,1763,0.22417704264322916
55_01,10,902,5,0.5543237250554324,786432,0.11469523111979167,0.0006357828776041666,1763,0.22417704264322916
55_02,0,305,152,49.83606557377049,786432,0.038782755533854164,0.019327799479166668,1149,0.1461029052734375
55_02,5,282,69,24.46808510638298,786432,0.035858154296875,0.0087738037109375,1149,0.1461029052734375
55_02,9,260,0,0.0,786432,0.033060709635416664,0.0,1149,0.1461029052734375
55_02,10,253,0,0.0,786432,0.032170613606770836,0.0,1149,0.1461029052734375
55_03,0,802,431,53.74064837905237,786432,0.10197957356770833,0.054804484049479164,1962,0.249481201171875
55_03,5,780,198,25.384615384615383,786432,0.09918212890625,0.025177001953125,1962,0.249481201171875
55_03,9,755,0,0.0,786432,0.09600321451822917,0.0,1962,0.249481201171875
55_03,10,749,0,0.0,786432,0.09524027506510417,0.0,1962,0.249481201171875
56_01,0,874,350,40.045766590389015,786432,0.11113484700520833,0.044504801432291664,1565,0.19900004069010416
56_01,5,852,205,24.061032863849764,786432,0.10833740234375,0.026067097981770832,1565,0.19900004069010416
56_01,9,834,0,0.0,786432,0.106048583984375,0.0,1565,0.19900004069010416
56_01,10,829,0,0.0,786432,0.10541280110677083,0.0,1565,0.19900004069010416
56_02,0,1469,812,55.27569775357386,786432,0.18679300944010416,0.10325113932291667,2573,0.3271738688151042
56_02,5,1442,283,19.625520110957005,786432,0.18335978190104166,0.035985310872395836,2573,0.3271738688151042
56_02,9,1418,13,0.9167842031029619,786432,0.18030802408854166,0.0016530354817708333,2573,0.3271738688151042
56_02,10,1412,13,0.9206798866855525,786432,0.17954508463541666,0.0016530354817708333,2573,0.3271738688151042
56_03,0,757,400,52.84015852047556,786432,0.09625752766927083,0.050862630208333336,1414,0.17979939778645834
56_03,5,730,166,22.73972602739726,786432,0.09282430013020833,0.021107991536458332,1414,0.17979939778645834
56_03,9,705,9,1.2765957446808511,786432,0.0896453857421875,0.0011444091796875,1414,0.17979939778645834
56_03,10,699,9,1.2875536480686696,786432,0.0888824462890625,0.0011444091796875,1414,0.17979939778645834
